readable_name,dataset_name,dataset_config,hf_split,dataset_url,split_url,downloaded,local_path,num_rows
Dolci Think SFT Python,allenai/Dolci-Think-SFT-Python,default,train,https://huggingface.co/datasets/allenai/Dolci-Think-SFT-Python,https://huggingface.co/datasets/allenai/Dolci-Think-SFT-Python?config=default&split=train,true,/wbl-fast/usrs/ee/code-swe-data/data/code-swe-terminal-non-agentic-sft/allenai__Dolci-Think-SFT-Python,1090000
Nemotron Cascade SFT SWE,nvidia/Nemotron-Cascade-SFT-SWE,default,train,https://huggingface.co/datasets/nvidia/Nemotron-Cascade-SFT-SWE,https://huggingface.co/datasets/nvidia/Nemotron-Cascade-SFT-SWE?config=default&split=train,true,/wbl-fast/usrs/ee/code-swe-data/data/code-swe-terminal-non-agentic-sft/nvidia__Nemotron-Cascade-SFT-SWE,162262
Nemotron Cascade SFT Stage 1 - code,nvidia/Nemotron-Cascade-SFT-Stage-1,code,code,https://huggingface.co/datasets/nvidia/Nemotron-Cascade-SFT-Stage-1,https://huggingface.co/datasets/nvidia/Nemotron-Cascade-SFT-Stage-1?config=code&split=train,true,/wbl-fast/usrs/ee/code-swe-data/data/code-swe-terminal-non-agentic-sft/nvidia__Nemotron-Cascade-SFT-Stage-1,186323
Nemotron Cascade SFT Stage 2 - code splits,nvidia/Nemotron-Cascade-SFT-Stage-2,code,code,https://huggingface.co/datasets/nvidia/Nemotron-Cascade-SFT-Stage-2,https://huggingface.co/datasets/nvidia/Nemotron-Cascade-SFT-Stage-2?config=code&split=train,true,/wbl-fast/usrs/ee/code-swe-data/data/code-swe-terminal-non-agentic-sft/nvidia__Nemotron-Cascade-SFT-Stage-2,112037
Nemotron Cascade SFT Stage 2 - code splits,nvidia/Nemotron-Cascade-SFT-Stage-2,swe_localization,swe_localization,https://huggingface.co/datasets/nvidia/Nemotron-Cascade-SFT-Stage-2,https://huggingface.co/datasets/nvidia/Nemotron-Cascade-SFT-Stage-2?config=swe_localization&split=train,true,/wbl-fast/usrs/ee/code-swe-data/data/code-swe-terminal-non-agentic-sft/nvidia__Nemotron-Cascade-SFT-Stage-2,92265
Nemotron Cascade SFT Stage 2 - code splits,nvidia/Nemotron-Cascade-SFT-Stage-2,swe_repair,swe_repair,https://huggingface.co/datasets/nvidia/Nemotron-Cascade-SFT-Stage-2,https://huggingface.co/datasets/nvidia/Nemotron-Cascade-SFT-Stage-2?config=swe_repair&split=train,true,/wbl-fast/usrs/ee/code-swe-data/data/code-swe-terminal-non-agentic-sft/nvidia__Nemotron-Cascade-SFT-Stage-2,86907
Nemotron Cascade SFT Stage 2 - code splits,nvidia/Nemotron-Cascade-SFT-Stage-2,swe_testgen,swe_testgen,https://huggingface.co/datasets/nvidia/Nemotron-Cascade-SFT-Stage-2,https://huggingface.co/datasets/nvidia/Nemotron-Cascade-SFT-Stage-2?config=swe_testgen&split=train,true,/wbl-fast/usrs/ee/code-swe-data/data/code-swe-terminal-non-agentic-sft/nvidia__Nemotron-Cascade-SFT-Stage-2,31651
UltraData SFT 2605 - Code non-thinking,openbmb/UltraData-SFT-2605,Code,Code/no_think,https://huggingface.co/datasets/openbmb/UltraData-SFT-2605,https://huggingface.co/datasets/openbmb/UltraData-SFT-2605?config=Code&split=no_think,true,/wbl-fast/usrs/ee/code-swe-data/data/code-swe-terminal-non-agentic-sft/openbmb__UltraData-SFT-2605,3000000
UltraData SFT 2605 - Code thinking,openbmb/UltraData-SFT-2605,Code,Code/think,https://huggingface.co/datasets/openbmb/UltraData-SFT-2605,https://huggingface.co/datasets/openbmb/UltraData-SFT-2605?config=Code&split=think,true,/wbl-fast/usrs/ee/code-swe-data/data/code-swe-terminal-non-agentic-sft/openbmb__UltraData-SFT-2605,2788465
